ID,Category
0000.jpg,soccer_field
0001.jpg,junk_pile
0002.jpg,sawmill
0003.jpg,harbor
0004.jpg,skyscraper
0005.jpg,skyscraper
0006.jpg,boat_deck
0007.jpg,dining_hall
0008.jpg,water_mill
0009.jpg,aquatic_theater
0010.jpg,badlands
0011.jpg,fort
0012.jpg,motel
0013.jpg,tower
0014.jpg,windmill
0015.jpg,swamp
0016.jpg,canyon
0017.jpg,village
0018.jpg,flood
0019.jpg,bedroom
0020.jpg,glacier
0021.jpg,basement
0022.jpg,gorge
0023.jpg,living_room
0024.jpg,motel
0025.jpg,sawmill
0026.jpg,butchers_shop
0027.jpg,piano_store
0028.jpg,assembly_line
0029.jpg,shoe_shop
0030.jpg,office_cubicles
0031.jpg,food_court
0032.jpg,rubble
0033.jpg,baseball_field
0034.jpg,dining_car
0035.jpg,attic
0036.jpg,courtroom
0037.jpg,orchard
0038.jpg,elevator_lobby
0039.jpg,voting_booth
0040.jpg,bamboo_forest
0041.jpg,bedroom
0042.jpg,town_house
0043.jpg,amusement_park
0044.jpg,park
0045.jpg,courthouse
0046.jpg,yard
0047.jpg,playground
0048.jpg,hallway
0049.jpg,parlor
0050.jpg,pharmacy
0051.jpg,crosswalk
0052.jpg,harbor
0053.jpg,fort
0054.jpg,rock_arch
0055.jpg,rainforest
0056.jpg,airplane_cabin
0057.jpg,windmill
0058.jpg,ramp
0059.jpg,tea_garden
0060.jpg,drugstore
0061.jpg,raceway
0062.jpg,manhole
0063.jpg,woodland
0064.jpg,corridor
0065.jpg,attic
0066.jpg,basement
0067.jpg,windmill
0068.jpg,chemistry_lab
0069.jpg,office_cubicles
0070.jpg,street
0071.jpg,cafeteria
0072.jpg,campsite
0073.jpg,ocean
0074.jpg,office
0075.jpg,art_school
0076.jpg,hallway
0077.jpg,mansion
0078.jpg,bookstore
0079.jpg,fastfood_restaurant
0080.jpg,cheese_factory
0081.jpg,computer_room
0082.jpg,mountain
0083.jpg,hayfield
0084.jpg,shopfront
0085.jpg,farm
0086.jpg,dorm_room
0087.jpg,art_studio
0088.jpg,sandbar
0089.jpg,cafeteria
0090.jpg,street
0091.jpg,golf_course
0092.jpg,dining_room
0093.jpg,hill
0094.jpg,office
0095.jpg,food_court
0096.jpg,water_mill
0097.jpg,vineyard
0098.jpg,golf_course
0099.jpg,parlor
0100.jpg,basement
0101.jpg,resort
0102.jpg,football_field
0103.jpg,restaurant
0104.jpg,tea_garden
0105.jpg,swamp
0106.jpg,forest_road
0107.jpg,dam
0108.jpg,cliff
0109.jpg,office_cubicles
0110.jpg,beach
0111.jpg,pet_shop
0112.jpg,chemistry_lab
0113.jpg,junk_pile
0114.jpg,drugstore
0115.jpg,computer_room
0116.jpg,chemistry_lab
0117.jpg,downtown
0118.jpg,valley
0119.jpg,gift_shop
0120.jpg,creek
0121.jpg,farm
0122.jpg,harbor
0123.jpg,butchers_shop
0124.jpg,pond
0125.jpg,shoe_shop
0126.jpg,swamp
0127.jpg,park
0128.jpg,building_facade
0129.jpg,airplane_cabin
0130.jpg,utility_room
0131.jpg,winery
0132.jpg,gorge
0133.jpg,cemetery
0134.jpg,dam
0135.jpg,attic
0136.jpg,roof
0137.jpg,pet_shop
0138.jpg,ballroom
0139.jpg,art_school
0140.jpg,valley
0141.jpg,courtyard
0142.jpg,aquarium
0143.jpg,cottage_garden
0144.jpg,snowfield
0145.jpg,badlands
0146.jpg,orchard
0147.jpg,lawn
0148.jpg,airplane_cabin
0149.jpg,sea_cliff
0150.jpg,sea_cliff
0151.jpg,campsite
0152.jpg,phone_booth
0153.jpg,freeway
0154.jpg,parlor
0155.jpg,highway
0156.jpg,crosswalk
0157.jpg,sandbar
0158.jpg,parlor
0159.jpg,cottage_garden
0160.jpg,hallway
0161.jpg,mansion
0162.jpg,motel
0163.jpg,closet
0164.jpg,gasworks
0165.jpg,dining_room
0166.jpg,office_building
0167.jpg,restaurant
0168.jpg,classroom
0169.jpg,reading_room
0170.jpg,mountain_road
0171.jpg,dam
0172.jpg,cottage
0173.jpg,sea_cliff
0174.jpg,chapel
0175.jpg,art_studio
0176.jpg,picnic_area
0177.jpg,utility_room
0178.jpg,bowling_alley
0179.jpg,pharmacy
0180.jpg,badlands
0181.jpg,naval_base
0182.jpg,dorm_room
0183.jpg,amphitheater
0184.jpg,kindergarden_classroom
0185.jpg,sawmill
0186.jpg,sawmill
0187.jpg,dining_car
0188.jpg,orchard
0189.jpg,dam
0190.jpg,reception
0191.jpg,roof
0192.jpg,cottage_garden
0193.jpg,dorm_room
0194.jpg,sushi_bar
0195.jpg,assembly_line
0196.jpg,butchers_shop
0197.jpg,watering_hole
0198.jpg,railway_yard
0199.jpg,picnic_area
0200.jpg,islet
0201.jpg,kindergarden_classroom
0202.jpg,sky
0203.jpg,chemistry_lab
0204.jpg,ski_slope
0205.jpg,hospital
0206.jpg,dining_hall
0207.jpg,piano_store
0208.jpg,volcano
0209.jpg,pasture
0210.jpg,utility_room
0211.jpg,fastfood_restaurant
0212.jpg,sawmill
0213.jpg,coffee_shop
0214.jpg,bridge
0215.jpg,fire_station
0216.jpg,castle
0217.jpg,shoe_shop
0218.jpg,freeway
0219.jpg,ocean
0220.jpg,cliff
0221.jpg,shopfront
0222.jpg,ski_resort
0223.jpg,valley
0224.jpg,cliff
0225.jpg,flood
0226.jpg,reception
0227.jpg,reception
0228.jpg,motel
0229.jpg,railway_yard
0230.jpg,seawall
0231.jpg,soccer_field
0232.jpg,pharmacy
0233.jpg,bar
0234.jpg,palace
0235.jpg,park
0236.jpg,parlor
0237.jpg,ice_shelf
0238.jpg,baseball_field
0239.jpg,picnic_area
0240.jpg,bayou
0241.jpg,office_building
0242.jpg,forest_road
0243.jpg,amphitheater
0244.jpg,living_room
0245.jpg,armory
0246.jpg,city
0247.jpg,gift_shop
0248.jpg,pharmacy
0249.jpg,ski_resort
0250.jpg,phone_booth
0251.jpg,art_gallery
0252.jpg,farm
0253.jpg,newsroom
0254.jpg,city
0255.jpg,pavilion
0256.jpg,nightclub
0257.jpg,corridor
0258.jpg,farm
0259.jpg,roof
0260.jpg,motel
0261.jpg,cliff
0262.jpg,cottage
0263.jpg,junk_pile
0264.jpg,freeway
0265.jpg,pagoda
0266.jpg,sushi_bar
0267.jpg,gas_station
0268.jpg,bedroom
0269.jpg,watering_hole
0270.jpg,freeway
0271.jpg,badlands
0272.jpg,golf_course
0273.jpg,fishpond
0274.jpg,coffee_shop
0275.jpg,gorge
0276.jpg,forest_road
0277.jpg,bowling_alley
0278.jpg,glacier
0279.jpg,resort
0280.jpg,ballroom
0281.jpg,amusement_arcade
0282.jpg,sky
0283.jpg,windmill
0284.jpg,fire_station
0285.jpg,hayfield
0286.jpg,pagoda
0287.jpg,shoe_shop
0288.jpg,gasworks
0289.jpg,bus_shelter
0290.jpg,airplane_cabin
0291.jpg,freeway
0292.jpg,raceway
0293.jpg,fastfood_restaurant
0294.jpg,bedroom
0295.jpg,chapel
0296.jpg,park
0297.jpg,bowling_alley
0298.jpg,conference_room
0299.jpg,nightclub
0300.jpg,fountain
0301.jpg,park
0302.jpg,badlands
0303.jpg,utility_room
0304.jpg,plaza
0305.jpg,snowfield
0306.jpg,dining_room
0307.jpg,sky
0308.jpg,aquatic_theater
0309.jpg,parlor
0310.jpg,manhole
0311.jpg,tower
0312.jpg,cheese_factory
0313.jpg,railway_yard
0314.jpg,yard
0315.jpg,drugstore
0316.jpg,cheese_factory
0317.jpg,playground
0318.jpg,airfield
0319.jpg,playground
0320.jpg,cottage
0321.jpg,conference_room
0322.jpg,rainforest
0323.jpg,kitchen
0324.jpg,desert_road
0325.jpg,restaurant
0326.jpg,football_field
0327.jpg,bedroom
0328.jpg,creek
0329.jpg,playground
0330.jpg,gas_station
0331.jpg,vineyard
0332.jpg,beach
0333.jpg,bar
0334.jpg,art_gallery
0335.jpg,computer_room
0336.jpg,sushi_bar
0337.jpg,drugstore
0338.jpg,science_museum
0339.jpg,ski_slope
0340.jpg,office_cubicles
0341.jpg,barn
0342.jpg,limousine_interior
0343.jpg,hill
0344.jpg,vineyard
0345.jpg,cottage_garden
0346.jpg,gorge
0347.jpg,basement
0348.jpg,motel
0349.jpg,fence
0350.jpg,courtyard
0351.jpg,hospital
0352.jpg,palace
0353.jpg,islet
0354.jpg,trailer_park
0355.jpg,recreation_room
0356.jpg,teashop
0357.jpg,swamp
0358.jpg,street
0359.jpg,mansion
0360.jpg,castle
0361.jpg,tea_garden
0362.jpg,castle
0363.jpg,river
0364.jpg,soccer_field
0365.jpg,pharmacy
0366.jpg,pet_shop
0367.jpg,dining_car
0368.jpg,submarine_interior
0369.jpg,swamp
0370.jpg,hayfield
0371.jpg,cheese_factory
0372.jpg,cemetery
0373.jpg,bowling_alley
0374.jpg,parking_lot
0375.jpg,rock_arch
0376.jpg,canteen
0377.jpg,mountain_road
0378.jpg,pet_shop
0379.jpg,oasis
0380.jpg,football_field
0381.jpg,hallway
0382.jpg,manhole
0383.jpg,ranch_house
0384.jpg,raceway
0385.jpg,gas_station
0386.jpg,staircase
0387.jpg,repair_shop
0388.jpg,kindergarden_classroom
0389.jpg,shoe_shop
0390.jpg,hill
0391.jpg,reading_room
0392.jpg,courtroom
0393.jpg,shoe_shop
0394.jpg,classroom
0395.jpg,drugstore
0396.jpg,skyscraper
0397.jpg,dining_room
0398.jpg,shower
0399.jpg,office_cubicles
0400.jpg,naval_base
0401.jpg,fishpond
0402.jpg,attic
0403.jpg,clothing_store
0404.jpg,utility_room
0405.jpg,baseball_field
0406.jpg,voting_booth
0407.jpg,reception
0408.jpg,archive
0409.jpg,courtroom
0410.jpg,barn
0411.jpg,chemistry_lab
0412.jpg,beach
0413.jpg,windmill
0414.jpg,dorm_room
0415.jpg,vineyard
0416.jpg,plaza
0417.jpg,cottage
0418.jpg,closet
0419.jpg,pond
0420.jpg,phone_booth
0421.jpg,hayfield
0422.jpg,auditorium
0423.jpg,raceway
0424.jpg,plaza
0425.jpg,computer_room
0426.jpg,campsite
0427.jpg,building_facade
0428.jpg,dorm_room
0429.jpg,assembly_line
0430.jpg,fountain
0431.jpg,yard
0432.jpg,orchard
0433.jpg,ski_slope
0434.jpg,glacier
0435.jpg,chemistry_lab
0436.jpg,sawmill
0437.jpg,amusement_park
0438.jpg,science_museum
0439.jpg,galley
0440.jpg,dining_hall
0441.jpg,shoe_shop
0442.jpg,golf_course
0443.jpg,highway
0444.jpg,fire_station
0445.jpg,recreation_room
0446.jpg,teashop
0447.jpg,fence
0448.jpg,canteen
0449.jpg,art_studio
0450.jpg,newsroom
0451.jpg,bicycle_racks
0452.jpg,amusement_arcade
0453.jpg,beach
0454.jpg,sky
0455.jpg,railway_yard
0456.jpg,mansion
0457.jpg,bar
0458.jpg,bathroom
0459.jpg,teashop
0460.jpg,beach
0461.jpg,palace
0462.jpg,motel
0463.jpg,nightclub
0464.jpg,pharmacy
0465.jpg,dining_room
0466.jpg,fence
0467.jpg,amphitheater
0468.jpg,armory
0469.jpg,sushi_bar
0470.jpg,resort
0471.jpg,forest_road
0472.jpg,mountain_road
0473.jpg,cliff
0474.jpg,sushi_bar
0475.jpg,rock_arch
0476.jpg,bayou
0477.jpg,attic
0478.jpg,tearoom
0479.jpg,beach
0480.jpg,office_cubicles
0481.jpg,rubble
0482.jpg,aquatic_theater
0483.jpg,trailer_park
0484.jpg,picnic_area
0485.jpg,city
0486.jpg,dam
0487.jpg,fastfood_restaurant
0488.jpg,park
0489.jpg,bamboo_forest
0490.jpg,amusement_arcade
0491.jpg,mansion
0492.jpg,skyscraper
0493.jpg,badlands
0494.jpg,gift_shop
0495.jpg,pasture
0496.jpg,sandbar
0497.jpg,amphitheater
0498.jpg,pasture
0499.jpg,winery
0500.jpg,motel
0501.jpg,chemistry_lab
0502.jpg,pond
0503.jpg,living_room
0504.jpg,baseball_field
0505.jpg,amusement_park
0506.jpg,building_facade
0507.jpg,motel
0508.jpg,fence
0509.jpg,woodland
0510.jpg,downtown
0511.jpg,airfield
0512.jpg,newsroom
0513.jpg,ocean
0514.jpg,pond
0515.jpg,newsroom
0516.jpg,lecture_room
0517.jpg,ranch
0518.jpg,baseball_field
0519.jpg,bamboo_forest
0520.jpg,elevator_lobby
0521.jpg,pavilion
0522.jpg,sea_cliff
0523.jpg,water_tower
0524.jpg,gorge
0525.jpg,pet_shop
0526.jpg,vineyard
0527.jpg,bathroom
0528.jpg,golf_course
0529.jpg,park
0530.jpg,aquatic_theater
0531.jpg,jewelry_shop
0532.jpg,pavilion
0533.jpg,bicycle_racks
0534.jpg,sushi_bar
0535.jpg,ballroom
0536.jpg,pavilion
0537.jpg,creek
0538.jpg,orchard
0539.jpg,conference_room
0540.jpg,physics_laboratory
0541.jpg,tower
0542.jpg,fence
0543.jpg,physics_laboratory
0544.jpg,highway
0545.jpg,glacier
0546.jpg,sky
0547.jpg,beach
0548.jpg,gas_station
0549.jpg,downtown
0550.jpg,roof
0551.jpg,kindergarden_classroom
0552.jpg,lecture_room
0553.jpg,pharmacy
0554.jpg,train_railway
0555.jpg,limousine_interior
0556.jpg,watering_hole
0557.jpg,courtyard
0558.jpg,volcano
0559.jpg,bar
0560.jpg,street
0561.jpg,city
0562.jpg,village
0563.jpg,amusement_arcade
0564.jpg,mine
0565.jpg,pasture
0566.jpg,shower
0567.jpg,office_building
0568.jpg,physics_laboratory
0569.jpg,cemetery
0570.jpg,classroom
0571.jpg,cafeteria
0572.jpg,ocean
0573.jpg,dining_room
0574.jpg,kitchen
0575.jpg,closet
0576.jpg,badlands
0577.jpg,sea_cliff
0578.jpg,badlands
0579.jpg,street
0580.jpg,hospital
0581.jpg,shower
0582.jpg,ramp
0583.jpg,farm
0584.jpg,bowling_alley
0585.jpg,airfield
0586.jpg,restaurant
0587.jpg,amphitheater
0588.jpg,ski_slope
0589.jpg,ski_slope
0590.jpg,river
0591.jpg,harbor
0592.jpg,courtyard
0593.jpg,train_railway
0594.jpg,bar
0595.jpg,town_house
0596.jpg,naval_base
0597.jpg,butchers_shop
0598.jpg,pond
0599.jpg,bamboo_forest
0600.jpg,castle
0601.jpg,kindergarden_classroom
0602.jpg,bus_interior
0603.jpg,music_studio
0604.jpg,lab_classroom
0605.jpg,cliff
0606.jpg,kindergarden_classroom
0607.jpg,drugstore
0608.jpg,resort
0609.jpg,gift_shop
0610.jpg,creek
0611.jpg,parking_lot
0612.jpg,motel
0613.jpg,dining_car
0614.jpg,cafeteria
0615.jpg,railway_yard
0616.jpg,motel
0617.jpg,shoe_shop
0618.jpg,teashop
0619.jpg,gasworks
0620.jpg,fishpond
0621.jpg,mountain
0622.jpg,ramp
0623.jpg,tower
0624.jpg,fastfood_restaurant
0625.jpg,badlands
0626.jpg,conference_room
0627.jpg,courtroom
0628.jpg,newsroom
0629.jpg,chemistry_lab
0630.jpg,nightclub
0631.jpg,fastfood_restaurant
0632.jpg,village
0633.jpg,sushi_bar
0634.jpg,downtown
0635.jpg,dining_car
0636.jpg,courthouse
0637.jpg,creek
0638.jpg,trailer_park
0639.jpg,islet
0640.jpg,food_court
0641.jpg,rock_arch
0642.jpg,ranch
0643.jpg,lecture_room
0644.jpg,living_room
0645.jpg,shower
0646.jpg,gift_shop
0647.jpg,glacier
0648.jpg,staircase
0649.jpg,gift_shop
0650.jpg,submarine_interior
0651.jpg,submarine_interior
0652.jpg,kindergarden_classroom
0653.jpg,dining_room
0654.jpg,badlands
0655.jpg,seawall
0656.jpg,shower
0657.jpg,computer_room
0658.jpg,oasis
0659.jpg,seawall
0660.jpg,volcano
0661.jpg,bar
0662.jpg,conference_room
0663.jpg,ice_shelf
0664.jpg,lawn
0665.jpg,playground
0666.jpg,bedroom
0667.jpg,computer_room
0668.jpg,airfield
0669.jpg,gorge
0670.jpg,office_building
0671.jpg,badlands
0672.jpg,railway_yard
0673.jpg,yard
0674.jpg,butchers_shop
0675.jpg,palace
0676.jpg,coffee_shop
0677.jpg,valley
0678.jpg,downtown
0679.jpg,sandbar
0680.jpg,skyscraper
0681.jpg,archive
0682.jpg,golf_course
0683.jpg,pharmacy
0684.jpg,shoe_shop
0685.jpg,courthouse
0686.jpg,valley
0687.jpg,basement
0688.jpg,closet
0689.jpg,cafeteria
0690.jpg,bedroom
0691.jpg,yard
0692.jpg,newsroom
0693.jpg,gorge
0694.jpg,food_court
0695.jpg,river
0696.jpg,cheese_factory
0697.jpg,art_studio
0698.jpg,desert_road
0699.jpg,coast
0700.jpg,restaurant
0701.jpg,assembly_line
0702.jpg,mountain_road
0703.jpg,soccer_field
0704.jpg,picnic_area
0705.jpg,fountain
0706.jpg,trailer_park
0707.jpg,butchers_shop
0708.jpg,pavilion
0709.jpg,chemistry_lab
0710.jpg,amphitheater
0711.jpg,dentists_office
0712.jpg,plaza
0713.jpg,campsite
0714.jpg,farm
0715.jpg,lab_classroom
0716.jpg,ice_shelf
0717.jpg,rubble
0718.jpg,bar
0719.jpg,dam
0720.jpg,ice_shelf
0721.jpg,glacier
0722.jpg,bar
0723.jpg,desert_road
0724.jpg,cottage_garden
0725.jpg,valley
0726.jpg,dorm_room
0727.jpg,airplane_cabin
0728.jpg,ramp
0729.jpg,mountain_road
0730.jpg,ranch_house
0731.jpg,hospital
0732.jpg,dentists_office
0733.jpg,nightclub
0734.jpg,chapel
0735.jpg,videostore
0736.jpg,pet_shop
0737.jpg,downtown
0738.jpg,park
0739.jpg,train_railway
0740.jpg,cafeteria
0741.jpg,fence
0742.jpg,naval_base
0743.jpg,aquarium
0744.jpg,motel
0745.jpg,schoolhouse
0746.jpg,skyscraper
0747.jpg,pagoda
0748.jpg,auditorium
0749.jpg,airfield
0750.jpg,trailer_park
0751.jpg,bamboo_forest
0752.jpg,valley
0753.jpg,voting_booth
0754.jpg,farm
0755.jpg,courtroom
0756.jpg,classroom
0757.jpg,nightclub
0758.jpg,highway
0759.jpg,office_cubicles
0760.jpg,glacier
0761.jpg,motel
0762.jpg,physics_laboratory
0763.jpg,mansion
0764.jpg,mine
0765.jpg,nightclub
0766.jpg,dentists_office
0767.jpg,naval_base
0768.jpg,cliff
0769.jpg,bookstore
0770.jpg,bedroom
0771.jpg,elevator_lobby
0772.jpg,courthouse
0773.jpg,bus_interior
0774.jpg,fort
0775.jpg,lab_classroom
0776.jpg,closet
0777.jpg,oasis
0778.jpg,dentists_office
0779.jpg,aquatic_theater
0780.jpg,harbor
0781.jpg,water_tower
0782.jpg,airfield
0783.jpg,city
0784.jpg,computer_room
0785.jpg,freeway
0786.jpg,chemistry_lab
0787.jpg,ice_shelf
0788.jpg,shower
0789.jpg,trailer_park
0790.jpg,bowling_alley
0791.jpg,street
0792.jpg,mountain
0793.jpg,office
0794.jpg,railway_yard
0795.jpg,snowfield
0796.jpg,canteen
0797.jpg,swamp
0798.jpg,fort
0799.jpg,badlands
0800.jpg,pharmacy
0801.jpg,classroom
0802.jpg,cemetery
0803.jpg,fishpond
0804.jpg,water_tower
0805.jpg,hallway
0806.jpg,ski_slope
0807.jpg,crosswalk
0808.jpg,hill
0809.jpg,courtroom
0810.jpg,pasture
0811.jpg,gift_shop
0812.jpg,pagoda
0813.jpg,drugstore
0814.jpg,campsite
0815.jpg,castle
0816.jpg,ballroom
0817.jpg,food_court
0818.jpg,pasture
0819.jpg,village
0820.jpg,canteen
0821.jpg,beach
0822.jpg,classroom
0823.jpg,bridge
0824.jpg,harbor
0825.jpg,sky
0826.jpg,reading_room
0827.jpg,music_studio
0828.jpg,seawall
0829.jpg,woodland
0830.jpg,village
0831.jpg,canteen
0832.jpg,sawmill
0833.jpg,manhole
0834.jpg,bookstore
0835.jpg,ocean
0836.jpg,windmill
0837.jpg,ice_shelf
0838.jpg,courthouse
0839.jpg,castle
0840.jpg,badlands
0841.jpg,hayfield
0842.jpg,reception
0843.jpg,amphitheater
0844.jpg,snowfield
0845.jpg,dining_room
0846.jpg,tea_garden
0847.jpg,amphitheater
0848.jpg,kindergarden_classroom
0849.jpg,sushi_bar
0850.jpg,art_school
0851.jpg,newsroom
0852.jpg,raceway
0853.jpg,water_tower
0854.jpg,ocean
0855.jpg,aquarium
0856.jpg,park
0857.jpg,village
0858.jpg,auditorium
0859.jpg,junk_pile
0860.jpg,city
0861.jpg,oasis
0862.jpg,bamboo_forest
0863.jpg,tea_garden
0864.jpg,restaurant
0865.jpg,sawmill
0866.jpg,fort
0867.jpg,limousine_interior
0868.jpg,creek
0869.jpg,coffee_shop
0870.jpg,ski_slope
0871.jpg,barn
0872.jpg,kindergarden_classroom
0873.jpg,bookstore
0874.jpg,boat_deck
0875.jpg,pagoda
0876.jpg,chemistry_lab
0877.jpg,hill
0878.jpg,golf_course
0879.jpg,raceway
0880.jpg,pet_shop
0881.jpg,river
0882.jpg,art_studio
0883.jpg,cottage_garden
0884.jpg,amusement_arcade
0885.jpg,piano_store
0886.jpg,bookstore
0887.jpg,cottage
0888.jpg,galley
0889.jpg,repair_shop
0890.jpg,pharmacy
0891.jpg,gift_shop
0892.jpg,railway_yard
0893.jpg,trailer_park
0894.jpg,closet
0895.jpg,baseball_field
0896.jpg,golf_course
0897.jpg,bus_interior
0898.jpg,pavilion
0899.jpg,voting_booth
0900.jpg,winery
0901.jpg,office
0902.jpg,harbor
0903.jpg,assembly_line
0904.jpg,supermarket
0905.jpg,river
0906.jpg,videostore
0907.jpg,repair_shop
0908.jpg,sushi_bar
0909.jpg,piano_store
0910.jpg,banquet_hall
0911.jpg,bookstore
0912.jpg,basement
0913.jpg,voting_booth
0914.jpg,hallway
0915.jpg,motel
0916.jpg,armory
0917.jpg,sandbar
0918.jpg,basement
0919.jpg,schoolhouse
0920.jpg,pasture
0921.jpg,bamboo_forest
0922.jpg,dentists_office
0923.jpg,drugstore
0924.jpg,dining_car
0925.jpg,volcano
0926.jpg,fishpond
0927.jpg,assembly_line
0928.jpg,playground
0929.jpg,soccer_field
0930.jpg,newsroom
0931.jpg,courtyard
0932.jpg,rock_arch
0933.jpg,shower
0934.jpg,town_house
0935.jpg,conference_room
0936.jpg,repair_shop
0937.jpg,classroom
0938.jpg,downtown
0939.jpg,cafeteria
0940.jpg,bedroom
0941.jpg,cemetery
0942.jpg,parlor
0943.jpg,bridge
0944.jpg,mountain_road
0945.jpg,nightclub
0946.jpg,canyon
0947.jpg,auditorium
0948.jpg,closet
0949.jpg,baseball_field
0950.jpg,fishpond
0951.jpg,bedroom
0952.jpg,creek
0953.jpg,sky
0954.jpg,glacier
0955.jpg,soccer_field
0956.jpg,art_studio
0957.jpg,bar
0958.jpg,shopfront
0959.jpg,ski_resort
0960.jpg,chemistry_lab
0961.jpg,sea_cliff
0962.jpg,forest_road
0963.jpg,music_studio
0964.jpg,bowling_alley
0965.jpg,bicycle_racks
0966.jpg,galley
0967.jpg,restaurant
0968.jpg,construction_site
0969.jpg,mountain
0970.jpg,rainforest
0971.jpg,campsite
0972.jpg,vineyard
0973.jpg,corridor
0974.jpg,ranch_house
0975.jpg,bus_interior
0976.jpg,closet
0977.jpg,corridor
0978.jpg,living_room
0979.jpg,phone_booth
0980.jpg,sushi_bar
0981.jpg,coffee_shop
0982.jpg,lecture_room
0983.jpg,staircase
0984.jpg,art_gallery
0985.jpg,rubble
0986.jpg,aquarium
0987.jpg,supermarket
0988.jpg,dining_car
0989.jpg,ballroom
0990.jpg,bus_shelter
0991.jpg,amusement_arcade
0992.jpg,dam
0993.jpg,bar
0994.jpg,assembly_line
0995.jpg,fountain
0996.jpg,corridor
0997.jpg,fastfood_restaurant
0998.jpg,canteen
0999.jpg,pasture
